q,n,M,usable
2,2,0.0,False
2,4,0.0,False
2,5,0.12877123795494516,True
2,6,0.13357370072653496,True
2,8,0.10517937960096613,True
2,10,0.09976302134402826,True
2,11,0.09466287658320283,True
2,12,0.08951045660766421,True
2,13,0.04152802580438242,True
2,14,0.07558791789631569,True
2,15,0.04517960392239284,True
2,16,0.06721022675812705,True
2,17,0.06654177460929545,True
2,18,0.0,False
2,19,0.024965044544215997,True
2,20,0.01937970086691565,True
2,21,0.05515131251722183,True
2,22,0.0,False
2,23,0.024376488679827557,True
2,24,0.021653070364166194,True
2,25,0.017092650932015396,True
2,26,0.01466856786204862,True
2,27,0.015253907345179174,True
2,28,0.013765427190214008,True
2,29,0.019802674479060478,True
2,30,0.01976324668302243,True
2,31,0.01804233597816618,True
2,32,0.04116409012218236,True
2,33,0.022876596906013624,True
2,34,0.013826147517741139,True
2,35,0.03872615179080585,True
2,36,0.02476381838963515,True
2,37,0.02040908766996008,True
2,38,0.016634668221888527,True
2,40,0.023740105909943354,True
2,41,0.02297730686205246,True
2,42,0.018437532128165235,True
2,43,0.022700973578778094,True
2,44,0.019274944909034253,True
2,45,0.01123489881269013,True
2,46,0.016491758076629615,True
2,47,0.01612165121041209,True
2,48,0.02002886295099693,True
2,49,0.01503031713916092,True
2,50,0.012895526248820732,True
2,51,0.014916238783142965,True
2,52,0.028967376775714704,True
2,53,0.019950783773313052,True
2,54,0.015011855134386853,True
2,55,0.01902220360411422,True
2,56,0.018407273776260724,True
2,57,0.018436575080876483,True
2,58,0.01400046532711674,True
2,59,0.018255998262115214,True
2,60,0.013519657439969301,True
2,61,0.018034509242496832,True
2,62,0.01891449833414427,True
2,63,0.017303815132061362,True
2,64,0.013226399750240314,True
2,65,0.0133673249602555,True
2,66,0.012978044872141603,True
2,67,0.012967870989416874,True
2,68,0.016254040542686865,True
2,69,0.01649680062161507,True
2,70,0.022882584811321993,True
2,71,0.015905351117106892,True
2,72,0.016110570080040354,True
2,73,0.016261355248563647,True
2,74,0.015476856534429762,True
2,75,0.02163900548715747,True
2,76,0.015037207454625778,True
2,77,0.01523104114747964,True
2,78,0.014849149167452946,True
2,79,0.014741742509825628,True
2,80,0.020535656352199894,True
2,81,0.00856195834400486,True
2,82,0.0,False
2,83,0.002676967666749075,True
2,84,0.009099891517036052,True
2,85,0.01954941146726108,True
2,86,0.0,False
2,87,0.00871860186178397,True
2,88,0.008790676179358026,True
2,89,0.0075659619854611115,True
2,90,0.010712461845297394,True
2,91,0.008202219624865004,True
2,92,0.010172705316435104,True
2,93,0.003684107967450778,True
2,94,0.010111152086441755,True
2,95,0.007912248605079664,True
2,96,0.012818515807564212,True
2,97,0.0020136739667769854,True
2,98,0.009888575975723013,True
2,99,0.004552555138418568,True
2,100,0.00983992135130518,True
2,101,0.004539317162463474,True
2,102,0.008370456610803156,True
2,103,0.0029992580556493786,True
2,104,0.010129915121660837,True
2,105,0.005190275453187176,True
2,106,0.007816746896926241,True
2,107,0.005191752170182751,True
2,108,0.0076758199442045205,True
2,109,0.0048993428332039235,True
2,110,0.009240715453892046,True
2,111,0.004417370344623195,True
2,112,0.009063609700001751,True
2,113,0.0036635579742189117,True
2,114,0.007499621262054612,True
2,115,0.005865539293375632,True
2,116,0.008981787515008333,True
2,117,0.005404163927642869,True
2,118,0.0036505251541119055,True
2,119,0.004518903209603908,True
2,120,0.014900066269811663,True
2,121,0.005803226248973226,True
2,122,0.004069939200566752,True
2,123,0.00571401620356482,True
2,124,0.004752631168560284,True
2,125,0.003985595674850462,True
2,126,0.00412602269255169,True
2,127,0.005104207456497201,True
2,128,0.014149606614884513,True
2,129,0.006909709137278841,True
2,130,0.004658585885871536,True
2,131,0.00806365981612378,True
2,132,0.006147272322770347,True
2,133,0.005366719168465428,True
2,134,0.006551982044042837,True
2,135,0.006369544174962272,True
2,136,0.0064584319388898415,True
2,137,0.0036239854531483484,True
2,138,0.005481952728771389,True
2,139,0.005036160343296792,True
2,140,0.00630711480572288,True
2,141,0.006159505964409617,True
2,142,0.004118092529992401,True
2,143,0.0061160977937220196,True
2,144,0.005182346095665813,True
2,145,0.005040512395111496,True
2,146,0.006144399315252569,True
2,147,0.004095330464878644,True
2,148,0.006244327526531479,True
2,149,0.005866945568944404,True
2,150,0.004065911290579205,True
2,151,0.0048582739224035665,True
2,152,0.007287260865531997,True
2,153,0.005873475139603901,True
2,154,0.009060777051059121,True
2,155,0.004132630443080543,True
2,156,0.007229041052996155,True
2,157,0.003996271051292188,True
2,158,0.005677702238842786,True
2,159,0.007054622642499342,True
2,160,0.007062945507822382,True
2,161,0.004681191031425391,True
2,162,0.005512832891266473,True
2,163,0.009479475381734437,True
2,164,0.007218570985493833,True
2,165,0.006918485197686786,True
2,166,0.005666651464430905,True
2,168,0.008432568591294154,True
2,170,0.006217172675720195,True
2,171,0.007589184667252891,True
2,172,0.00855437497889322,True
2,173,0.006883104945352492,True
2,174,0.006841022589916257,True
2,175,0.005888046738175112,True
2,176,0.005470657987294847,True
2,177,0.005588408964416702,True
2,178,0.006132456187897928,True
2,179,0.00572192422200557,True
2,180,0.006342468247924948,True
2,181,0.005615685656361946,True
2,182,0.006455993596437115,True
2,183,0.005874903096968032,True
2,184,0.006586765265240269,True
2,185,0.006793720745067566,True
2,186,0.005135018564225935,True
2,187,0.006490031871282276,True
2,188,0.004612140331710313,True
2,189,0.007026097109443685,True
2,190,0.005304829770089614,True
2,191,0.00542745060303873,True
2,192,0.005609367094664974,True
2,193,0.005318372730540255,True
2,194,0.005325265220556874,True
2,195,0.006147939487283427,True
2,196,0.0067159713760566175,True
2,197,0.006101056726824483,True
2,198,0.005493622881941884,True
2,199,0.005362119071645077,True
2,200,0.006354008164165426,True
2,201,0.004805033483233023,True
2,202,0.005227327132498405,True
2,203,0.0051799992125759475,True
2,204,0.0067154342756127194,True
2,205,0.005988904283381613,True
2,206,0.006053189394191194,True
2,207,0.00497149486462789,True
2,208,0.004519167803411994,True
2,209,0.004926527529086733,True
2,210,0.006042910866429052,True
2,211,0.0053730388224833,True
2,212,0.0052363514276626555,True
2,213,0.005002306651549326,True
2,214,0.005915051800484128,True
2,215,0.005873891746444149,True
2,216,0.004818395723532043,True
2,217,0.005876782542422743,True
2,218,0.005676190436150419,True
2,219,0.00490247707983027,True
2,220,0.005232736300687324,True
2,221,0.0048109022585874905,True
2,222,0.004123630974606329,True
2,223,0.005987343652001931,True
2,224,0.00553922359768777,True
2,225,0.005134894596188766,True
2,226,0.004796175733550845,True
2,227,0.0053603624263242056,True
2,228,0.004766983929309854,True
2,229,0.005553916227789668,True
2,230,0.0045755820541185654,True
2,231,0.006984209775265038,True
2,232,0.003997406194050868,True
2,233,0.004889317073870969,True
2,234,0.004825466311013549,True
2,235,0.00488725939868051,True
2,236,0.00408362510209026,True
2,237,0.005119425780101494,True
2,238,0.004499754703390257,True
2,239,0.004737052972240696,True
2,240,0.0040156655657651585,True
2,241,0.00393113120814681,True
2,242,0.004468087449213898,True
2,243,0.005609971471409181,True
2,244,0.004416509898878207,True
2,245,0.0044631224945840264,True
2,246,0.0051848358582609055,True
2,247,0.004597970864526624,True
2,248,0.006241457185391375,True
2,249,0.004643328813412451,True
2,250,0.005445126752953833,True
2,251,0.004457166017512448,True
2,252,0.005714102771108731,True
2,253,0.004594148408002652,True
2,254,0.005145855430280677,True
2,255,0.0052845787784431275,True
2,256,0.00431770896372663,True
3,2,0.0,False
3,3,-1.1102230246251565e-16,False
3,4,0.09819731517859298,True
3,5,0.08124560543000492,True
3,6,0.0842756220830202,True
3,7,0.060134569538556115,True
3,8,0.06636080005243628,True
3,9,0.0656287901259397,True
3,10,0.06294345847213179,True
3,11,-2.220446049250313e-16,False
3,12,0.01520103402680617,True
3,13,0.01942638807384922,True
3,14,0.014525156221395163,True
3,15,0.015281787166632088,True
3,16,0.019471857904408307,True
3,17,0.012605740463141113,True
3,18,0.014544864110768163,True
3,19,0.0060647973603763505,True
3,20,0.008259859103082356,True
3,21,0.008252125717192249,True
3,22,0.008188719553744672,True
3,23,0.008083548940965524,True
3,24,0.007298991320551895,True
3,25,0.007335856341202263,True
3,26,0.007626616572077416,True
3,27,0.014672417727563558,True
3,28,0.023399899372284705,True
3,29,-1.1102230246251565e-16,False
3,30,-1.1102230246251565e-16,False
3,31,0.008024419692545526,True
3,32,0.017044465641600448,True
3,33,0.007818210729106156,True
3,34,0.011776944777817211,True
3,35,0.012805194035283352,True
3,36,0.00723102508198703,True
3,37,0.010788001259057989,True
3,38,0.010992811081317111,True
3,39,0.00810622468183364,True
3,40,0.008288680098266776,True
3,41,0.01201771482377434,True
3,42,0.01556520967856545,True
3,43,0.015267243684378706,True
3,44,0.01124348993780111,True
3,45,0.01090374700321739,True
3,46,0.013600515697871907,True
3,47,0.01288966456110574,True
3,48,0.0125307644614987,True
3,49,0.017464316782347944,True
3,50,0.01194929208751383,True
3,51,0.016813205398237274,True
3,52,0.011471287181744949,True
3,53,0.011712466802111132,True
3,54,0.015922171030591015,True
3,55,0.010811673921685916,True
3,56,0.010065800112167733,True
3,57,0.009766459060768451,True
3,58,0.009945589504717134,True
3,59,0.009485162803718694,True
3,60,0.009843785280056472,True
3,61,0.0145282212134632,True
3,62,0.009087695819705255,True
3,63,0.00853121985198213,True
3,64,0.013875774929324458,True
3,65,0.009062877585527485,True
3,66,0.006839963220580891,True
3,67,0.008733785294770424,True
3,68,0.009281482332436752,True
3,69,0.00926556310264004,True
3,70,0.012731459075394969,True
3,71,0.009210131400687604,True
3,72,0.009171869473445282,True
3,73,0.008354355046303108,True
3,74,0.008268874649104085,True
3,75,0.007800377907807188,True
3,76,0.007809083511543191,True
3,77,0.007686296609882071,True
3,78,0.0076285627201000406,True
3,79,0.007570483027142805,True
3,80,0.011445943978749096,True
3,81,0.011309564526820748,True
3,82,0.011176384687046736,True
3,83,0.007159992584788832,True
3,84,0.007092291845722132,True
3,85,0.010794959558617201,True
3,86,0.010673518950534588,True
3,87,0.006895585748110333,True
3,88,0.006832081869025175,True
3,89,0.01032500670310832,True
3,90,0.010213824017739292,True
3,91,0.01010500337652942,True
3,92,-1.1102230246251565e-16,False
3,93,0.004458926175101907,True
3,94,0.002694246012472812,True
3,95,0.0027473436697152964,True
3,96,0.004046049063746948,True
3,97,0.003373584144904851,True
3,98,0.0037497601288730698,True
3,99,0.00245875169370513,True
3,100,0.0021022912403666494,True
4,2,0.0,False
4,3,0.0,False
4,4,0.07781953111478324,True
4,5,0.06438561897747253,True
4,6,0.06678685036326737,True
4,7,0.047655518857810275,True
4,8,0.05258968980048295,True
4,9,0.052009585658656876,True
4,10,0.049881510672014184,True
4,11,0.03961506996601816,True
4,12,0.03658072792545419,True
4,13,0.026648588635369896,True
4,14,0.03170757607060515,True
4,15,0.023224990495213316,True
4,16,0.027970945243516065,True
4,17,0.029700308149237298,True
4,18,0.025017530323180104,True
4,19,0.0002653246574253476,True
4,20,0.0,False
4,21,0.002446595598856516,True
4,22,0.003966891862099531,True
4,23,0.00263173583786791,True
4,24,0.0010695386461542222,True
4,25,0.0031821708600742182,True
4,26,0.0028636093746308156,True
4,27,0.0059505128807628704,True
4,28,0.0023571934760613367,True
4,29,0.003426922845998659,True
4,30,0.0003350096947456471,True
4,31,0.0018655067312578488,True
4,32,0.008493652671455854,True
4,33,0.005440289208955673,True
4,34,0.001781657572338724,True
4,35,0.001507126310014817,True
4,36,0.0019904613107323277,True
4,37,0.002521934403038939,True
4,38,0.004146237745091819,True
4,39,0.006652891460743993,True
4,40,0.007851162739049067,True
4,41,0.0028749156741493254,True
4,42,0.001767764056042842,True
4,43,0.004613328010113715,True
4,44,0.0017922750380141572,True
4,45,0.00332566361557296,True
4,46,0.003206748395944592,True
4,47,0.0018690632770573812,True
4,48,0.003404883105615153,True
4,49,0.0033372679355558876,True
4,50,0.002103980467787925,True
4,51,0.0032933117674427415,True
4,52,0.0033085357870932253,True
4,53,0.002779695432496565,True
4,54,0.005829848462813092,True
4,55,0.0028097452124504763,True
4,56,0.0031874291608167127,True
4,57,0.0037210886262891707,True
4,58,0.005423252336996032,True
4,59,-1.1102230246251565e-16,False
4,60,0.005336245593386302,True
4,61,0.0,False
4,62,1.1102230246251565e-16,False
4,63,0.009160926991305662,True
4,64,0.009020754659220254,True
4,65,1.1102230246251565e-16,False
4,66,-1.1102230246251565e-16,False
4,67,0.0,False
4,68,0.0016633233797159752,True
4,69,0.0032740302874991745,True
4,70,0.0021233241537401693,True
4,71,0.0038539348789118355,True
4,72,0.004259887762793402,True
4,73,0.009157699655168328,True
4,74,0.0029698957475217114,True
4,75,0.0029516295149477623,True
4,76,0.0032605264358315234,True
4,77,0.00232516468690136,True
4,78,0.0029550590179056035,True
4,79,0.0011901092853909834,True
4,80,0.0020378796058942994,True
4,81,0.0020945736860011888,True
4,82,0.002944854945129083,True
4,83,0.004270174676685445,True
4,84,0.0059160451903580435,True
4,85,0.0033284118833676324,True
4,86,0.008053722255754847,True
4,87,0.005117087322549341,True
4,88,0.003836275359551,True
4,89,0.0032523016750558575,True
4,90,0.0024368433087691432,True
4,91,0.007387253669859817,True
4,92,0.004724441518602074,True
4,93,0.0030350717706699726,True
4,94,0.005157923882960658,True
4,95,0.004164643954822078,True
4,96,0.003915681134320392,True
4,97,0.0027325293557748376,True
4,98,0.0028529631306773995,True
4,99,0.0030803710264636353,True
4,100,0.0030558118037061766,True
5,2,0.0,False
5,3,-1.1102230246251565e-16,False
5,4,0.06703009562280027,True
5,5,0.05545875354128571,True
5,6,0.05752706167802957,True
5,7,0.05074374429287387,True
5,8,0.049207948810070734,True
5,9,0.04479861867658719,True
5,10,0.04296559465544847,True
5,11,0.037831766015654966,True
5,12,0.037114724077822125,True
5,13,0.03588330034102316,True
5,14,0.034469585087140486,True
5,15,0.03190234811252135,True
5,16,0.03100491399039218,True
5,17,0.03000509291706077,True
5,18,0.028976276499477094,True
5,19,0.023068196986027023,True
5,20,0.021985908928146336,True
5,21,0.02099976661585712,True
5,22,0.020097626480100494,True
5,23,0.0192692846160768,True
5,24,0.01850610945056763,True
5,25,0.017800753528094293,True
5,26,0.018519747931426966,True
5,27,0.0,False
5,28,0.009921883603327353,True
5,29,0.0015361570291606563,True
5,30,0.0029346610184046718,True
5,31,0.0017452969258358042,True
5,32,0.004099654961125188,True
5,33,0.0005451016547665111,True
5,34,1.1102230246251565e-16,False
5,35,0.0040937176974583656,True
5,36,0.002013479431778653,True
5,37,0.006797810260216863,True
5,38,0.004045532209692948,True
5,39,0.002393130196041815,True
5,40,0.006217768279503044,True
5,41,0.005504132940050921,True
5,42,0.002257741067905661,True
5,43,0.005083373146486658,True
5,44,0.005558723869287019,True
5,45,0.0054110909122471185,True
5,46,0.004954370808422537,True
5,47,0.0005078009857488741,True
5,48,0.00500304231427251,True
5,49,0.0032441462699938084,True
5,50,0.004575775072063304,True
5,51,0.0015097019758121277,True
5,52,0.001889510819494733,True
5,53,0.001020297219148425,True
5,54,0.003348493763886351,True
5,55,0.001826207650314049,True
5,56,0.0032476151133060682,True
5,57,0.0022728659936139817,True
5,58,0.002511724557575201,True
5,59,0.004381100036678909,True
5,60,0.0030341213551720037,True
5,61,0.002979373978625799,True
5,62,0.0024299601272242954,True
5,63,0.0028692293636917166,True
5,64,0.0017006783710368234,True
5,65,0.0021354138048909066,True
5,66,0.0011981869079715768,True
5,67,0.0024208010695284665,True
5,68,0.0017707913928831642,True
5,69,0.004002340955318484,True
5,70,0.003946063051895821,True
5,71,0.0024703114365356438,True
5,72,0.0024554235112760336,True
5,73,0.0010544848629813197,True
5,74,0.003265477214480339,True
5,75,0.0018320387674256589,True
5,76,0.0024544829783149646,True
5,77,0.0018515769690888861,True
5,78,0.002345212789416906,True
5,79,0.0018620515660080494,True
5,80,0.0032309460835355797,True
5,81,0.00211885778660581,True
5,82,0.0022701503146601576,True
5,83,0.002249078887468836,True
5,84,0.0021115755683578374,True
5,85,0.003457321376508782,True
5,86,0.0010915412589580509,True
5,87,0.003160074418606773,True
5,88,0.003445140609018016,True
5,89,0.0010892935542520243,True
5,90,0.002140353129144512,True
5,91,0.0012715722576878141,True
5,92,0.0032535105011032295,True
5,93,0.0019319638410860707,True
5,94,0.002969598553237196,True
5,95,0.001900434798829953,True
5,96,0.0018847127350545279,True
5,97,0.0018690294451544354,True
5,98,0.0018533920078275257,True
5,99,0.0018378069357882776,True
5,100,0.0018222802156691031,True
7,2,0.0,False
7,3,1.1102230246251565e-16,False
7,4,0.05543975256092437,True
7,5,0.04586924045234886,True
7,6,0.04757991220740776,True
7,7,0.04196951535684257,True
7,8,0.04069927814832164,True
7,9,0.037052376420247835,True
7,10,0.03553630521035389,True
7,11,0.03296440296821557,True
7,12,0.031599561966763945,True
7,13,0.029678628286172182,True
7,14,0.028509362105978764,True
7,15,0.02638603255802363,True
7,16,0.025643776035661703,True
7,17,0.024816836548321564,True
7,18,0.023965915374906555,True
7,19,0.020499826410886324,True
7,20,0.019558276459706536,True
7,21,0.018698011087345034,True
7,22,0.017909153702360125,True
7,23,0.017183323524875616,True
7,24,0.017391265199171335,True
7,25,0.016748600338004516,True
7,26,0.015317451560665107,True
7,27,0.014781636235276396,True
7,28,0.015073683887047884,True
7,29,0.013814350223835481,True
7,30,0.014129608225765478,True
7,31,0.01370014636298622,True
7,32,0.013295793582288162,True
7,33,0.012914433090290611,True
7,34,0.012554176570628184,True
7,35,0.012213334639519124,True
7,36,0.011890391681616985,True
7,37,0.011583984345903797,True
7,38,0.011292883108944718,True
7,39,0.011015976416790085,True
7,40,0.010752257001574561,True
7,41,0.010500810037984531,True
7,42,0.010260802861283391,True
7,43,0.010031476014845775,True
7,44,0.009812135433135194,True
7,45,0.00960214559732453,True
7,46,0.009400923526575178,True
7,47,0.009207933489343456,True
7,48,0.009022682336836896,True
7,49,0.008844715375505574,True
7,50,0.009070331300169876,True
7,51,0.0,False
7,52,0.0011595842365548226,True
7,53,1.1102230246251565e-16,False
7,54,0.0,False
7,55,6.278457718400521e-05,True
7,56,0.0032167642554228326,True
7,57,0.0005827137746041711,True
7,58,0.002445817598435096,True
7,59,0.0002608466582794122,True
7,60,1.1102230246251565e-16,False
7,61,1.1102230246251565e-16,False
7,62,0.00020365986301151828,True
7,63,0.0004112236700412053,True
7,64,0.0,False
7,65,0.0004722547162628876,True
7,66,1.1102230246251565e-16,False
7,67,0.0019389408204744107,True
7,68,0.0,False
7,69,0.0,False
7,70,1.1102230246251565e-16,False
7,71,0.001753462027668351,True
7,72,0.0,False
7,73,0.00011604064554715521,True
7,74,1.1102230246251565e-16,False
7,75,1.1102230246251565e-16,False
7,76,1.1102230246251565e-16,False
7,77,0.0,False
7,78,1.1102230246251565e-16,False
7,79,1.1102230246251565e-16,False
7,80,0.00020907751139631614,True
7,81,0.0,False
7,82,0.0002331524930208051,True
7,83,-1.1102230246251565e-16,False
7,84,1.1102230246251565e-16,False
7,85,0.00010982171970241872,True
7,86,0.0001310091107863398,True
7,87,7.043434504927504e-05,True
7,88,0.0001002496713036205,True
7,89,0.00012869245794144835,True
7,90,0.00020496675882408777,True
7,91,0.0006760526710199999,True
7,92,0.00041430187899371695,True
7,93,0.00022991919195991528,True
7,94,0.00025235877523432926,True
7,95,0.0002737496267879447,True
7,96,0.0002941365047244293,True
7,97,0.003921102425706979,True
7,98,0.00033206638221960905,True
7,99,0.0003496882884596042,True
7,100,0.0003302238092315335,True
8,2,0.0,False
8,3,-1.1102230246251565e-16,False
8,4,0.05187968740985549,True
8,5,0.04292374598498183,True
8,6,0.044524566908844876,True
8,7,0.039274441837801266,True
8,8,0.03808577294462734,True
8,9,0.034673057105771066,True
8,10,0.033254340448009345,True
8,11,0.030847592975170035,True
8,12,0.029570395274086447,True
8,13,0.02777281439970103,True
8,14,0.02667863267764725,True
8,15,0.022213318758048772,True
8,16,0.022403408919375645,True
8,17,0.01980020543282479,True
8,18,0.020151529440510574,True
8,19,0.01918342952530927,True
8,20,0.018302341228706775,True
8,21,0.01749731781958197,True
8,22,0.016759116932068774,True
8,23,0.01607989595828907,True
8,24,0.016274484652567645,True
8,25,0.015673088532157542,True
8,26,0.015113877763813122,True
8,27,0.01459264939942817,True
8,28,0.014105726884614755,True
8,29,0.013649882961488835,True
8,30,0.01322227506644924,True
8,31,0.012820391108346096,True
8,32,0.012965286953074417,True
8,33,0.012085132433870327,True
8,34,0.011748009795977676,True
8,35,0.01142905503833025,True
8,36,0.011608328640219767,True
8,37,0.010840118490170414,True
8,38,0.011030165547326165,True
8,39,0.010308585204981902,True
8,40,0.010506441974067693,True
8,41,0.010262668656047857,True
8,42,0.010029877684795352,True
8,43,0.009807348862905796,True
8,44,0.00959442305568825,True
8,45,0.009390495923174536,True
8,46,0.009195012398579339,True
8,47,0.009007461813218987,True
8,48,0.008827373582588227,True
8,49,0.008654313380679346,True
8,50,0.00848787974007481,True
8,51,0.008327701024171241,True
8,52,0.008173432725370522,True
8,53,0.008024755049422794,True
8,54,0.007881370751497974,True
8,55,0.007743003194167097,True
8,56,0.007609394601401198,True
8,57,0.007480304486058409,True
8,58,0.007355508231218,True
8,59,0.007234795808197525,True
8,60,0.007117970616226765,True
8,61,0.007004848430599342,True
8,62,0.006895256447716935,True
8,63,0.00678903241682427,True
8,64,0.0066860238494361734,True
8,65,0.006832355548682001,True
8,66,0.00470517662947223,True
8,67,0.00024008802690156372,True
8,68,-1.1102230246251565e-16,False
8,69,3.303623208228412e-05,True
8,70,-1.1102230246251565e-16,False
8,71,1.1102230246251565e-16,False
8,72,0.00038486817946581375,True
8,73,0.00039693684133246254,True
8,74,0.00026139318861506666,True
8,75,0.00041817788120268595,True
8,76,1.1102230246251565e-16,False
8,77,-1.1102230246251565e-16,False
8,78,0.0,False
8,79,0.0002371227587953939,True
8,80,0.0,False
8,81,1.1102230246251565e-16,False
8,82,-1.1102230246251565e-16,False
8,83,0.0,False
8,84,-1.1102230246251565e-16,False
8,85,0.0001433659718346192,True
8,86,0.0005397396776841701,True
8,87,0.00032706323409492644,True
8,88,0.0003350987199453037,True
8,89,0.00034253875587697546,True
8,90,0.0,False
8,91,0.0,False
8,92,-1.1102230246251565e-16,False
8,93,1.3409092293303893e-05,True
8,94,2.8085110140740888e-05,True
8,95,0.0,False
8,96,5.520597333197319e-05,True
8,97,6.771514944492463e-05,True
8,98,7.956374162265689e-05,True
8,99,9.078010015484139e-05,True
8,100,1.1102230246251565e-16,False
