target,regime,q,features,n_features,R2,rmse,n_codes
C',all semi-perfect,2,n only,2,0.35383783426476356,0.0141222321734488,384
C',all semi-perfect,2,"n, k",5,0.7441905348528004,0.008885684507107059,384
C',all semi-perfect,2,"n, k + delta",7,0.905908374975529,0.005388998577610867,384
C',all semi-perfect,3,n only,2,0.27246064551221605,0.012179700602750658,249
C',all semi-perfect,3,"n, k",5,0.8711805815860884,0.005125060949659841,249
C',all semi-perfect,3,"n, k + delta",7,0.9155648195834392,0.004149254611989955,249
C',all semi-perfect,4,n only,2,0.4006043434758637,0.010199380531615516,236
C',all semi-perfect,4,"n, k",5,0.8979285204902999,0.004208905786382296,236
C',all semi-perfect,4,"n, k + delta",7,0.9429543953063377,0.003146502590095763,236
C',all semi-perfect,5,n only,2,0.536608649555345,0.009451015511751593,245
C',all semi-perfect,5,"n, k",5,0.9476337948759819,0.0031770940095974635,245
C',all semi-perfect,5,"n, k + delta",7,0.9516921686243038,0.0030514993744050916,245
C',all semi-perfect,7,n only,2,0.5338300905508047,0.006898006165339177,353
C',all semi-perfect,7,"n, k",5,0.9268443218638327,0.0027325963248953098,353
C',all semi-perfect,7,"n, k + delta",7,0.9342406642927314,0.0025907778081409433,353
C',all semi-perfect,8,n only,2,0.49860295556244016,0.0058816638270900706,442
C',all semi-perfect,8,"n, k",5,0.9243541373751301,0.0022845565008908562,442
C',all semi-perfect,8,"n, k + delta",7,0.9317652406328573,0.002169762233443711,442
C',all semi-perfect,pooled,n only,2,0.3373526914189503,0.010637519635163536,1909
C',all semi-perfect,pooled,"n, k",5,0.710248929768251,0.007034150886236919,1909
C',all semi-perfect,pooled,"n, k + delta",7,0.7867358677894527,0.00603473307623941,1909
C',all semi-perfect,pooled,"n, q",4,0.3890908125153789,0.010213803158287182,1909
C',all semi-perfect,pooled,"n, k, q",8,0.7677856831319486,0.0062971443906038324,1909
C',all semi-perfect,pooled,"n, k, q + delta",9,0.8230042666583448,0.005497693883035737,1909
C',below entropy peak,2,n only,2,0.6238157277481635,0.023731012238627745,41
C',below entropy peak,2,"n, k",5,0.8775158697068292,0.013541159621685336,41
C',below entropy peak,2,"n, k + delta",7,0.9876671367141583,0.004296827360015934,41
C',below entropy peak,3,n only,2,0.9084173022126556,0.006240939232722904,80
C',below entropy peak,3,"n, k",5,0.9497599157408959,0.004622409501388117,80
C',below entropy peak,3,"n, k + delta",7,0.9823496831509568,0.002739803970136797,80
C',below entropy peak,4,n only,2,0.9203774580809427,0.005847995988282655,56
C',below entropy peak,4,"n, k",5,0.9461333223950682,0.004810045027693302,56
C',below entropy peak,4,"n, k + delta",7,0.99416555567388,0.0015830287304728627,56
C',below entropy peak,5,n only,2,0.9151393023507196,0.004027491478033048,87
C',below entropy peak,5,"n, k",5,0.9886887725390551,0.0014704023873024594,87
C',below entropy peak,5,"n, k + delta",7,0.9960705157120365,0.0008666607124442803,87
C',below entropy peak,7,n only,2,0.9200772976205351,0.0025685510838881122,207
C',below entropy peak,7,"n, k",5,0.9941886669820958,0.0006926135906819486,207
C',below entropy peak,7,"n, k + delta",7,0.9953286272731491,0.000620976818416098,207
C',below entropy peak,8,n only,2,0.929754950594106,0.002041225671754255,308
C',below entropy peak,8,"n, k",5,0.9962111384228606,0.00047406460404421174,308
C',below entropy peak,8,"n, k + delta",7,0.9962111384228606,0.00047406460404421206,308
C',below entropy peak,pooled,n only,2,0.6637996351408602,0.009133730436445353,779
C',below entropy peak,pooled,"n, k",5,0.7165272819771026,0.008386963130989376,779
C',below entropy peak,pooled,"n, k + delta",7,0.8080695579392293,0.006901143081320214,779
C',below entropy peak,pooled,"n, q",4,0.8157399510295267,0.006761836899507145,779
C',below entropy peak,pooled,"n, k, q",8,0.8797242569392884,0.005463087094525389,779
C',below entropy peak,pooled,"n, k, q + delta",9,0.9707683782519325,0.0026932430952482087,779
C',past entropy peak,2,n only,2,0.2387392625083461,0.00899836472557037,343
C',past entropy peak,2,"n, k",5,0.8476806756580557,0.004025078723419945,343
C',past entropy peak,2,"n, k + delta",7,0.9123924413491986,0.0030525842952118286,343
C',past entropy peak,3,n only,2,0.015320633595146016,0.0057925177339876455,169
C',past entropy peak,3,"n, k",5,0.7394288675505036,0.0029797724707810867,169
C',past entropy peak,3,"n, k + delta",7,0.7568887118546215,0.0028782102504197058,169
C',past entropy peak,4,n only,2,0.007257294541935466,0.0021155421041734023,180
C',past entropy peak,4,"n, k",5,0.31211317211626066,0.001761009981569552,180
C',past entropy peak,4,"n, k + delta",7,0.6072153325340934,0.0013307013093010445,180
C',past entropy peak,5,n only,2,0.03601287958208155,0.001478036023063897,158
C',past entropy peak,5,"n, k",5,0.56327511889425,0.0009948403023748826,158
C',past entropy peak,5,"n, k + delta",7,0.6436816790553288,0.0008986042738263066,158
C',past entropy peak,7,n only,2,0.0024739977328526175,0.0005185570078036922,146
C',past entropy peak,7,"n, k",5,0.026467265596957112,0.0005122826820738565,146
C',past entropy peak,7,"n, k + delta",7,0.7756988940663668,0.00024589522911387657,146
C',past entropy peak,8,n only,2,7.298034387515084e-05,0.00037714507650575367,134
C',past entropy peak,8,"n, k",5,0.005124624972314473,0.00037619119925395584,134
C',past entropy peak,8,"n, k + delta",7,0.9395754257763691,9.271096254223248e-05,134
C',past entropy peak,pooled,n only,2,0.0074933356031468,0.0066891108640100595,1130
C',past entropy peak,pooled,"n, k",5,0.6689721638641026,0.00386308207884095,1130
C',past entropy peak,pooled,"n, k + delta",7,0.8027182238741115,0.002982257659837074,1130
C',past entropy peak,pooled,"n, q",4,0.29804339721687323,0.005625444053324621,1130
C',past entropy peak,pooled,"n, k, q",8,0.7183091152267611,0.003563592818579617,1130
C',past entropy peak,pooled,"n, k, q + delta",9,0.8135311434068783,0.002899377951816519,1130
C'-C,all semi-perfect,2,n only,2,0.04047402509635811,0.009771444127641223,384
C'-C,all semi-perfect,2,"n, k",5,0.6247519359093163,0.0061106810400376734,384
C'-C,all semi-perfect,2,"n, k + delta",7,0.7285224468120663,0.005197534111885347,384
C'-C,all semi-perfect,3,n only,2,0.018704192592614466,0.0028690823082177736,249
C'-C,all semi-perfect,3,"n, k",5,0.05178414200323911,0.0028203086727165397,249
C'-C,all semi-perfect,3,"n, k + delta",7,0.11608541348803769,0.0027230034161267193,249
C'-C,all semi-perfect,4,n only,2,0.006541683650963082,0.0022131949185009046,236
C'-C,all semi-perfect,4,"n, k",5,0.04504921986793031,0.0021698780844274586,236
C'-C,all semi-perfect,4,"n, k + delta",7,0.055560813315196245,0.0021579026027633,236
C'-C,all semi-perfect,5,n only,2,0.03935191408295424,0.0008373204167498147,245
C'-C,all semi-perfect,5,"n, k",5,0.04815876371158345,0.0008334734649492783,245
C'-C,all semi-perfect,5,"n, k + delta",7,0.14400352206572087,0.0007903974108137317,245
C'-C,all semi-perfect,7,n only,2,0.039251096119747864,0.0004082076643380919,353
C'-C,all semi-perfect,7,"n, k",5,0.042383432150789435,0.00040754167998727805,353
C'-C,all semi-perfect,7,"n, k + delta",7,0.4735777553730124,0.0003021644182266334,353
C'-C,all semi-perfect,8,n only,2,0.06304716766810614,0.0002842557848422497,442
C'-C,all semi-perfect,8,"n, k",5,0.08325324475023366,0.00028117398641625745,442
C'-C,all semi-perfect,8,"n, k + delta",7,0.8551512233924434,0.00011176552520197112,442
C'-C,all semi-perfect,pooled,n only,2,0.006470261556196899,0.004664096122564816,1909
C'-C,all semi-perfect,pooled,"n, k",5,0.1442577654636139,0.004328610814537958,1909
C'-C,all semi-perfect,pooled,"n, k + delta",7,0.18910594196800257,0.004213656374102877,1909
C'-C,all semi-perfect,pooled,"n, q",4,0.026243041013856216,0.0046174515156246175,1909
C'-C,all semi-perfect,pooled,"n, k, q",8,0.21702068259438634,0.004140494402388284,1909
C'-C,all semi-perfect,pooled,"n, k, q + delta",9,0.2130142202945361,0.004151074227146024,1909
C'-C,below entropy peak,2,n only,2,0.1930759925535972,0.02338045563183108,41
C'-C,below entropy peak,2,"n, k",5,0.871352207490323,0.009335505114270882,41
C'-C,below entropy peak,2,"n, k + delta",7,0.9804338013804055,0.003640741807037312,41
C'-C,below entropy peak,3,n only,2,0.22448489591568577,0.00229298880926929,80
C'-C,below entropy peak,3,"n, k",5,0.30712572933149396,0.002167374812853817,80
C'-C,below entropy peak,3,"n, k + delta",7,0.8689210107341985,0.0009426996521861813,80
C'-C,below entropy peak,4,n only,2,0.054594790597349285,0.0030730046867946757,56
C'-C,below entropy peak,4,"n, k",5,0.07433362074912131,0.003040755298667964,56
C'-C,below entropy peak,4,"n, k + delta",7,0.8643214516497049,0.0011641523556238371,56
C'-C,below entropy peak,5,n only,2,0.07799138276631756,0.0007065744822176091,87
C'-C,below entropy peak,5,"n, k",5,0.08820375724363905,0.0007026504974162314,87
C'-C,below entropy peak,5,"n, k + delta",7,0.8844274817456398,0.00025015993022446626,87
C'-C,below entropy peak,7,n only,2,0.02171435137076072,0.000149991345778,207
C'-C,below entropy peak,7,"n, k",5,0.03234265321300145,0.00014917435189473245,207
C'-C,below entropy peak,7,"n, k + delta",7,0.9999679740886798,8.581913027688874e-07,207
C'-C,below entropy peak,8,n only,2,,0.0,308
C'-C,below entropy peak,8,"n, k",5,,0.0,308
C'-C,below entropy peak,8,"n, k + delta",7,,0.0,308
C'-C,below entropy peak,pooled,n only,2,0.00558128155828197,0.006703297181953751,779
C'-C,below entropy peak,pooled,"n, k",5,0.2796106705428524,0.005705417948870693,779
C'-C,below entropy peak,pooled,"n, k + delta",7,0.7856099018376785,0.003112477280144662,779
C'-C,below entropy peak,pooled,"n, q",4,0.24776345881608908,0.005830167624967131,779
C'-C,below entropy peak,pooled,"n, k, q",8,0.5774216213305303,0.004369758789779462,779
C'-C,below entropy peak,pooled,"n, k, q + delta",9,0.8017057923400779,0.0029933592528096817,779
C'-C,past entropy peak,2,n only,2,0.041938301322827054,0.0031343111721603067,343
C'-C,past entropy peak,2,"n, k",5,0.16132116316795153,0.0029325350641743017,343
C'-C,past entropy peak,2,"n, k + delta",7,0.4074062653295887,0.002465039593447754,343
C'-C,past entropy peak,3,n only,2,0.007834698202776824,0.0026809740906843845,169
C'-C,past entropy peak,3,"n, k",5,0.05908507254073614,0.002610813074203602,169
C'-C,past entropy peak,3,"n, k + delta",7,0.35204329189709904,0.0021665743374419274,169
C'-C,past entropy peak,4,n only,2,0.017077646017668924,0.0016331023029496552,180
C'-C,past entropy peak,4,"n, k",5,0.03725427263852077,0.0016162538974831364,180
C'-C,past entropy peak,4,"n, k + delta",7,0.1307668127519379,0.0015357549890776354,180
C'-C,past entropy peak,5,n only,2,0.046065113778036126,0.0008513156058103657,158
C'-C,past entropy peak,5,"n, k",5,0.14944569300879662,0.000803863395001026,158
C'-C,past entropy peak,5,"n, k + delta",7,0.2596679482002141,0.0007499710597020583,158
C'-C,past entropy peak,7,n only,2,0.01867996208325584,0.0005957912955844364,146
C'-C,past entropy peak,7,"n, k",5,0.5215635366071392,0.00041600730439956147,146
C'-C,past entropy peak,7,"n, k + delta",7,0.5399767029842552,0.0004079235078649026,146
C'-C,past entropy peak,8,n only,2,0.08938405675528682,0.00047122445903328123,134
C'-C,past entropy peak,8,"n, k",5,0.7516894249229256,0.00024606951174652034,134
C'-C,past entropy peak,8,"n, k + delta",7,0.8393970276729567,0.0001978959876600699,134
C'-C,past entropy peak,pooled,n only,2,0.0010152350947820743,0.002243172505534418,1130
C'-C,past entropy peak,pooled,"n, k",5,0.08896158429109524,0.002142158422623555,1130
C'-C,past entropy peak,pooled,"n, k + delta",7,0.22806820441872944,0.0019718446912351368,1130
C'-C,past entropy peak,pooled,"n, q",4,0.06295629888883403,0.002172516899940297,1130
C'-C,past entropy peak,pooled,"n, k, q",8,0.10606237856030931,0.002121958315255723,1130
C'-C,past entropy peak,pooled,"n, k, q + delta",9,0.25596167004410364,0.0019358909756071341,1130
